{
  "0.001": {
    "threshold": 0.6521666049957275,
    "tpr": 0.9362810778621409,
    "fpr": 0.0009947853991175292
  },
  "0.005": {
    "threshold": 0.44974908232688904,
    "tpr": 0.9776686020544886,
    "fpr": 0.004877657440834337
  },
  "0.01": {
    "threshold": 0.35513609647750854,
    "tpr": 0.987643293136817,
    "fpr": 0.009915764139590855
  },
  "0.02": {
    "threshold": 0.2724739611148834,
    "tpr": 0.9934494566026499,
    "fpr": 0.019318090653830725
  },
  "0.05": {
    "threshold": 0.16716241836547852,
    "tpr": 0.9982134881643591,
    "fpr": 0.04781387886081027
  }
}