{
  "0.001": {
    "threshold": 0.6822048425674438,
    "tpr": 0.9548986743867134,
    "fpr": 0.0009474563206577595
  },
  "0.005": {
    "threshold": 0.40182021260261536,
    "tpr": 0.9878104525369495,
    "fpr": 0.004656988694758479
  },
  "0.01": {
    "threshold": 0.27436769008636475,
    "tpr": 0.9932957488953222,
    "fpr": 0.009603031860226105
  },
  "0.02": {
    "threshold": 0.17901772260665894,
    "tpr": 0.9957336583879324,
    "fpr": 0.019109712230215826
  },
  "0.05": {
    "threshold": 0.09020495414733887,
    "tpr": 0.9981715678805424,
    "fpr": 0.04420927543679342
  }
}